<?xml version="1.0" encoding="UTF-8"?>
	<!-- edited with XML Spy v4.4 U (http://www.xmlspy.com) by jmv (.) -->

<XmlLibrary xmlns="http://www.iknow.pt/XmlLibrary" xmlns:xsi="http://www.w3.org/2001/XMLSchema-instance"
	xsi:schemaLocation="http://www.iknow.pt/XmlLibrary ../schemas/xmllibrary.xsd">
	<name>Basic</name>
	<version>1.0</version>
	<author>iKnow</author>
	<description>Basic</description>
	<i18nName>library.basic.name</i18nName>
	<i18nDescription>library.basic.description</i18nDescription>
	<XmlBlock>
		<class>Block_TODO</class>
		<XmlPort>
			<name>portIn</name>
			<description>portIn</description>
			<in_out>in</in_out>
			<position>
				<x>-5</x>
				<y>25</y>
			</position>
		</XmlPort>
		<XmlPort>
			<name>portTrueC1</name>
			<description>portTrueC1</description>
			<in_out>out</in_out>
			<position>
				<x>55</x>
				<y>15</y>
			</position>
		</XmlPort>
		<XmlPort>
			<name>portFalseC1</name>
			<description>portTrueC1</description>
			<in_out>out</in_out>
			<position>
				<x>55</x>
				<y>35</y>
			</position>
		</XmlPort>
		<XmlAttribute>
			<name>condition0</name>
			<description>Atributo 1</description>
			<value />
		</XmlAttribute>
		<XmlAttribute>
			<name>condition1</name>
			<description>Atributo 2</description>
			<value></value>
		</XmlAttribute>
		<image>condicao.png</image>
		<className>pt.iknow.floweditor.blocks.AlteraAtributos_TODO</className>
		<description>MultiCondition</description>
		<i18n>library.basic.block.multi_condition</i18n>
	</XmlBlock>
</XmlLibrary>
